Serial_No,Parliament_Constituency,Party_ID,Constituency_ID,Constituency_Name,Winning_Candidate,Total_Votes,Margin
222,ADILABAD(1),369,S291,ADILABAD,GODAM NAGESH,568168,90652
162,AGRA(18),369,S2418,AGRA,PROF S P SINGH BAGHEL,599397,271294
33,AHMEDABADEAST(7),369,S067,AHMEDABADEAST,HASMUKHBHAI PATEL (H.S.PATEL),770459,461755
34,AHMEDABADWEST(8),369,S068,AHMEDABADWEST,DINESHBHAI MAKWANA (ADVOCATE),611704,286437
6,AHMEDNAGAR(37),3620,S1337,AHMEDNAGAR,NILESH DNYANDEV LANKE,624797,28929
142,AJMER(13),369,S2013,AJMER,BHAGIRATH CHOUDHARY,747462,329991
173,AKBARPUR(44),369,S2444,AKBARPUR,DEVENDRA SINGH ALIAS BHOLE SINGH,517423,44345
111,AKOLA(6),369,S136,AKOLA,ANUP SANJAY DHOTRE,457030,40626
32,ALAPPUZHA(15),742,S1115,ALAPPUZHA,K. C VENUGOPAL,404560,63513
1,ALATHUR(9),547,S119,ALATHUR,K.RADHAKRISHNAN,403447,20111
159,ALIGARH(15),369,S2415,ALIGARH,SATISH KUMAR GAUTAM,501834,15647
187,ALIPURDUARS(2),369,S252,ALIPURDUARS,MANOJ TIGGA,695314,75447
83,ALLAHABAD(52),742,S2452,ALLAHABAD,UJJWAL RAMAN SINGH,462145,58795
219,ALMORA(3),369,S283,ALMORA,AJAY TAMTA,429167,234097
141,ALWAR(8),369,S208,ALWAR,BHUPENDER YADAV,631992,48282
4,AMALAPURAM(SC)(7),1745,S017,AMALAPURAM(SC),G M HARISH (BALAYOGI),796981,342196
9,AMBALA(1),742,S071,AMBALA,VARUN CHAUDHRY,663657,49036
24,AMBEDKARNAGAR(55),1680,S2455,AMBEDKARNAGAR,LALJI VERMA,544959,137247
82,AMETHI(37),742,S2437,AMETHI,KISHORI LAL,539228,167196
39,AMRAVATI(7),742,S137,AMRAVATI,BALWANT BASWANT WANKHADE,526271,19731
40,AMRELI(14),369,S0614,AMRELI,BHARATBHAI MANUBHAI SUTARIYA,580872,321068
56,AMRITSAR(2),742,S192,AMRITSAR,GURJEET SINGH AUJLA,255181,40301
154,AMROHA(9),369,S249,AMROHA,KANWAR SINGH TANWAR,476506,28670
1,ANAKAPALLE(5),369,S015,ANAKAPALLE,C.M.RAMESH,762069,296530
42,ANAND(16),369,S0616,ANAND,MITESH PATEL (BAKABHAI),612484,89939
2,ANANDPURSAHIB(6),1,S196,ANANDPURSAHIB,MALVINDER SINGH KANG,313217,10846
13,ANANTHAPUR(19),1745,S0119,ANANTHAPUR,AMBICA G LAKSHMINARAYANA VALMIKI,768245,188555
2,ANANTNAG-RAJOURI(3),834,U083,ANANTNAG-RAJOURI,MIAN ALTAF AHMAD,521836,281794
230,ANDAMAN&NICOBARISLANDS(1),369,U011,ANDAMAN&NICOBARISLANDS,BISHNU PADA RAY,102436,24396
10,AONLA(24),1680,S2424,AONLA,NEERAJ MAURYA,492515,15969
6,ARAKKONAM(7),582,S227,ARAKKONAM,S JAGATHRATCHAKAN,563216,306559
1,ARAKU(ST)(1),1888,S011,ARAKU(ST),GUMMA THANUJA RANI,477005,50580
20,ARAMBAGH(29),140,S2529,ARAMBAGH,BAG MITALI,712587,6399
10,ARANI(12),582,S2212,ARANI,THARANIVENTHAN M S,500099,208766
18,ARARIA(9),369,S049,ARARIA,PRADEEP KUMAR SINGH,600146,20094
1,ARRAH(32),545,S0432,ARRAH,SUDAMA PRASAD,529382,59808
5,ARUNACHALEAST(2),369,S022,ARUNACHALEAST,TAPIR GAO,145581,30421
4,ARUNACHALWEST(1),369,S021,ARUNACHALWEST,KIREN RIJIJU,205417,100738
27,ASANSOL(40),140,S2540,ASANSOL,SHATRUGHAN PRASAD SINHA,605645,59564
136,ASKA(19),369,S1819,ASKA,ANITA SUBHADARSHINI,494226,99974
35,ATTINGAL(19),742,S1119,ATTINGAL,ADV ADOOR PRAKASH,328051,684
4,AURANGABAD(37),1420,S0437,AURANGABAD,ABHAY KUMAR SINHA,465567,79111
2,AURANGABAD(19),3529,S1319,AURANGABAD,BHUMARE SANDIPANRAO ASARAM,476130,134650
29,AZAMGARH(69),1680,S2469,AZAMGARH,DHARMENDRA YADAV,508239,161035
9,BADAUN(23),1680,S2423,BADAUN,ADITYA YADAV,501855,34991
63,BAGALKOT(3),369,S103,BAGALKOT,GADDIGOUDAR. PARVATAGOUDA. CHANDANAGOUDA.,671039,68399
2,BAGHPAT(11),1458,S2411,BAGHPAT,DR RAJKUMAR SANGWAN,488967,159459
176,BAHARAICH(56),369,S2456,BAHARAICH,ANAND KUMAR,518802,64227
3,BAHARAMPUR(10),140,S2510,BAHARAMPUR,PATHAN YUSUF,524516,85022
94,BALAGHAT(15),369,S1215,BALAGHAT,BHARTI PARDHI,712660,174512
123,BALASORE(6),369,S186,BALASORE,PRATAP CHANDRA SARANGI,563865,147156
32,BALLIA(72),1680,S2472,BALLIA,SANATAN PANDEY,467068,43384
191,BALURGHAT(6),369,S256,BALURGHAT,SUKANTA MAJUMDAR,574996,10386
8,BANASKANTHA(2),742,S062,BANASKANTHA,GENIBEN NAGAJI THAKOR,671883,30406
20,BANDA(48),1680,S2448,BANDA,KRISHNA DEVI SHIVSHANKER PATEL,406567,71210
76,BANGALORECENTRAL(25),369,S1025,BANGALORECENTRAL,P C MOHAN,658915,32707
75,BANGALORENORTH(24),369,S1024,BANGALORENORTH,SHOBHA KARANDLAJE,986049,259476
74,BANGALORERURAL(23),369,S1023,BANGALORERURAL,DR C N MANJUNATH,1079002,269647
77,BANGALORESOUTH(26),369,S1026,BANGALORESOUTH,TEJASVI SURYA,750830,277083
194,BANGAON(14),369,S2514,BANGAON,SHANTANU THAKUR,719505,73693
10,BANKA(27),805,S0427,BANKA,GIRIDHARI YADAV,506678,103844
24,BANKURA(36),140,S2536,BANKURA,ARUP CHAKRABORTY,641813,32778
184,BANSGAON(67),369,S2467,BANSGAON,KAMLESH PASWAN,428693,3150
1,BANSWARA(20),3482,S2020,BANSWARA,RAJ KUMAR ROAT,820831,247054
9,BAPATLA(SC)(15),1745,S0115,BAPATLA(SC),KRISHNA PRASAD TENNETI,717493,208031
84,BARABANKI(53),742,S2453,BARABANKI,TANUJ PUNIA,719927,215704
4,BARAMATI(35),3620,S1335,BARAMATI,SUPRIYA SULE,732312,158333
6,BARAMULLA(1),743,U081,BARAMULLA,ABDUL RASHID SHEIKH,472481,204142
8,BARASAT(17),140,S2517,BARASAT,KAKOLI GHOSH DASTIDAR,692010,114189
26,BARDHAMAN-DURGAPUR(39),140,S2539,BARDHAMAN-DURGAPUR,AZAD KIRTI JHA,720667,137981
25,BARDHAMANPURBA(38),140,S2538,BARDHAMANPURBA,DR. SHARMILA SARKAR,720302,160572
49,BARDOLI(23),369,S0623,BARDOLI,PARBHUBHAI NAGARBHAI VASAVA,763950,230253
164,BAREILLY(25),369,S2425,BAREILLY,CHHATRA PAL SINGH GANGWAR,567127,34804
118,BARGARH(1),369,S181,BARGARH,PRADEEP PUROHIT,716359,251667
69,BARMER(17),742,S2017,BARMER,UMMEDA RAM BENIWAL,704676,118176
1,BARPETA(3),83,S033,BARPETA,PHANI BHUSAN CHOUDHURY,860113,222351
6,BARRACKPUR(15),140,S2515,BARRACKPUR,PARTHA BHOWMICK,520231,64438
9,BASIRHAT(18),140,S2518,BASIRHAT,SK NURUL ISLAM,803762,333547
207,BASTAR(10),369,S2610,BASTAR,MAHESH KASHYAP,458398,55245
26,BASTI(61),1680,S2461,BASTI,RAM PRASAD CHAUDHARY,527005,100994
1,BATHINDA(11),1584,S1911,BATHINDA,HARSIMRAT KAUR BADAL,376558,49656
7,BEED(39),3620,S1339,BEED,BAJRANG MANOHAR SONWANE,683950,6553
24,BEGUSARAI(24),369,S0424,BEGUSARAI,GIRIRAJ SINGH,649331,81480
62,BELGAUM(2),369,S102,BELGAUM,JAGADISH SHETTAR,762029,178437
19,BELLARY(9),742,S109,BELLARY,E. TUKARAM,730845,98992
137,BERHAMPUR(20),369,S1820,BERHAMPUR,DR. PRADEEP KUMAR PANIGRAHY,513102,165476
108,BETUL(29),369,S1229,BETUL,DURGADAS (D. D.) UIKEY,848236,379761
186,BHADOHI(78),369,S2478,BHADOHI,DR. VINOD KUMAR BIND,459982,44072
124,BHADRAK(7),369,S187,BHADRAK,AVIMANYU SETHI,573319,91544
9,BHAGALPUR(26),805,S0426,BHAGALPUR,AJAY KUMAR MANDAL,536031,104868
41,BHANDARAGONDIYA(11),742,S1311,BHANDARAGONDIYA,DR. PRASHANT YADAORAO PADOLE,587413,37380
65,BHARATPUR(9),742,S209,BHARATPUR,SANJNA JATAV,579890,51983
48,BHARUCH(22),369,S0622,BHARUCH,MANSUKHBHAI DHANJIBHAI VASAVA,608157,85696
41,BHAVNAGAR(15),369,S0615,BHAVNAGAR,NIMUBEN JAYANTIBHAI BAMBHANIYA (NIMUBEN BAMBHANIYA),716883,455289
149,BHILWARA(23),369,S2023,BHILWARA,DAMODAR AGARWAL,807640,354606
81,BHIND(2),369,S122,BHIND,SANDHYA RAY,537065,64840
3,BHIWANDI(23),3620,S1323,BHIWANDI,BALYA MAMA - SURESH GOPINATH MHATRE,499464,66121
55,BHIWANI-MAHENDRAGARH(8),369,S078,BHIWANI-MAHENDRAGARH,DHARAMBIR SINGH,588664,41510
93,BHONGIR(14),742,S2914,BHONGIR,CHAMALA KIRAN KUMAR REDDY,629143,222170
98,BHOPAL(19),369,S1219,BHOPAL,ALOK SHARMA,981109,501499
135,BHUBANESWAR(18),369,S1818,BHUBANESWAR,APARAJITA SARANGI,512519,35152
17,BIDAR(7),742,S107,BIDAR,SAGAR ESHWAR KHANDRE,666317,128875
64,BIJAPUR(4),369,S104,BIJAPUR,RAMESH JIGAJINAGI,672781,77229
1,BIJNOR(4),1458,S244,BIJNOR,CHANDAN CHAUHAN,404493,37508
138,BIKANER(2),369,S202,BIKANER,ARJUN RAM MEGHWAL,566737,55711
202,BILASPUR(5),369,S265,BILASPUR,TOKHAN SAHU,724937,164558
29,BIRBHUM(42),140,S2542,BIRBHUM,SATABDI ROY,717961,197650
198,BISHNUPUR(37),369,S2537,BISHNUPUR,KHAN SAUMITRA,680130,5567
127,BOLANGIR(10),369,S1810,BOLANGIR,SANGEETA KUMARI SINGH DEO,617744,132664
28,BOLPUR(41),140,S2541,BOLPUR,ASIT KUMAR MAL,855633,327253
158,BULANDSHAHR(14),369,S2414,BULANDSHAHR,DR BHOLA SINGH,597310,275134
1,BULDHANA(5),3529,S135,BULDHANA,JADHAV PRATAPRAO GANPATRAO,349867,29479
2,BUXAR(33),1420,S0433,BUXAR,SUDHAKAR SINGH,438345,30091
29,CHALAKUDY(11),742,S1111,CHALAKUDY,BENNY BEHANAN,394171,63754
22,CHAMARAJANAGAR(22),742,S1022,CHAMARAJANAGAR,SUNIL BOSE,751671,188706
36,CHANDAULI(76),1680,S2476,CHANDAULI,BIRENDRA SINGH,474476,21565
97,CHANDIGARH(1),742,U021,CHANDIGARH,MANISH TEWARI,216657,2504
232,CHANDNICHOWK(1),369,U051,CHANDNICHOWK,PRAVEEN KHANDELWAL,516496,89325
43,CHANDRAPUR(13),742,S1313,CHANDRAPUR,DHANORKAR PRATIBHA SURESH ALIAS BALUBHAU,718410,260406
210,CHATRA(4),369,S274,CHATRA,KALI CHARAN SINGH,574556,220959
3,CHENNAICENTRAL(4),582,S224,CHENNAICENTRAL,DAYANIDHI MARAN,413848,244689
1,CHENNAINORTH(2),582,S222,CHENNAINORTH,DR.KALANIDHI VEERASWAMY,497333,339222
2,CHENNAISOUTH(3),582,S223,CHENNAISOUTH,T.SUMATHY (ALIAS) THAMIZHACHI THANGAPANDIAN,516628,225945
228,CHEVELLA(10),369,S2910,CHEVELLA,KONDA VISHWESHWAR REDDY,809882,172897
95,CHHINDWARA(16),369,S1216,CHHINDWARA,BUNTY VIVEK SAHU,644738,113618
47,CHHOTAUDAIPUR(21),369,S0621,CHHOTAUDAIPUR,JASHUBHAI BHILUBHAI RATHVA,796589,398777
2,CHIDAMBARAM(27),1847,S2227,CHIDAMBARAM,THIRUMAAVALAVAN THOL,505084,103554
78,CHIKKBALLAPUR(27),369,S1027,CHIKKBALLAPUR,DR.K.SUDHAKAR,822619,163460
14,CHIKKODI(1),742,S101,CHIKKODI,PRIYANKA SATISH JARKIHOLI,713461,90834
71,CHITRADURGA(18),369,S1018,CHITRADURGA,GOVIND MAKTHAPPA KARJOL,684890,48121
16,CHITTOOR(SC)(25),1745,S0125,CHITTOOR(SC),DAGGUMALLA PRASADA RAO,778071,220479
147,CHITTORGARH(21),369,S2021,CHITTORGARH,CHANDRA PRAKASH JOSHI,888202,389877
63,CHURU(3),742,S203,CHURU,RAHUL KASWAN,728211,72737
16,COIMBATORE(20),582,S2220,COIMBATORE,GANAPATHY RAJKUMAR P,568200,118068
1,COOCHBEHAR(1),140,S251,COOCHBEHAR,JAGADISH CHANDRA BARMA BASUNIA,788375,39250
73,CUDDALORE(26),742,S2226,CUDDALORE,M.K. VISHNUPRASAD,455053,185896
131,CUTTACK(14),369,S1814,CUTTACK,BHARTRUHARI MAHTAB,531601,57077
231,DADAR&NAGARHAVELI(2),369,U032,DADAR&NAGARHAVELI,DELKAR KALABEN MOHANBHAI,121074,57584
45,DAHOD(19),369,S0619,DAHOD,JASWANTSINH SUMANBHAI BHABHOR,688715,333677
70,DAKSHINAKANNADA(17),369,S1017,DAKSHINAKANNADA,CAPTAIN BRIJESH CHOWTA,764132,149208
5,DAMAN&DIU(1),743,U031,DAMAN&DIU,PATEL UMESHBHAI BABUBHAI,42523,6225
86,DAMOH(7),369,S127,DAMOH,RAHUL SINGH LODHI,709768,406426
19,DARBHANGA(14),369,S0414,DARBHANGA,GOPAL JEE THAKUR,566630,178156
189,DARJEELING(4),369,S254,DARJEELING,RAJU BISTA,679331,178525
6,DARRANG-UDALGURI(4),369,S034,DARRANG-UDALGURI,DILIP SAIKIA,868387,329012
67,DAUSA(11),742,S2011,DAUSA,MURARI LAL MEENA,646266,237340
20,DAVANAGERE(13),742,S1013,DAVANAGERE,DR. PRABHA MALLIKARJUN,633059,26094
183,DEORIA(66),369,S2466,DEORIA,SHASHANK MANI,504541,34842
100,DEWAS(21),369,S1221,DEWAS,MAHENDRA SINGH SOLANKY,928941,425225
212,DHANBAD(7),369,S277,DHANBAD,DULU MAHATO,789172,331583
104,DHAR(25),369,S1225,DHAR,SAVITRI THAKUR,794449,218665
8,DHARMAPURI(10),582,S2210,DHARMAPURI,MANI. A.,432667,21300
66,DHARWAD(11),369,S1011,DHARWAD,PRALHAD JOSHI,716231,97324
12,DHAURAHRA(29),1680,S2429,DHAURAHRA,ANAND BHADAURIYA,443743,4449
126,DHENKANAL(9),369,S189,DHENKANAL,RUDRA NARAYAN PANY,598721,76567
1,DHUBRI(2),742,S032,DHUBRI,RAKIBUL HUSSAIN,1471885,1012476
38,DHULE(2),742,S132,DHULE,BACHHAV SHOBHA DINESH,583866,3831
12,DIAMONDHARBOUR(21),140,S2521,DIAMONDHARBOUR,ABHISHEK BANERJEE,1048230,710930
14,DIBRUGARH(13),369,S0313,DIBRUGARH,SARBANANDA SONOWAL,693762,279321
3,DINDIGUL(22),547,S2222,DINDIGUL,SACHITHANANTHAM R,670149,443821
2,DINDORI(20),3620,S1320,DINDORI,BHASKAR MURLIDHAR BHAGARE,577339,113199
8,DIPHU(6),369,S036,DIPHU,AMARSING TISSO,334620,147603
179,DOMARIYAGANJ(60),369,S2460,DOMARIYAGANJ,JAGDAMBIKA PAL,463303,42728
7,DUMDUM(16),140,S2516,DUMDUM,SOUGATA RAY,528579,70660
2,DUMKA(2),852,S272,DUMKA,NALIN SOREN,547370,22527
204,DURG(7),369,S267,DURG,VIJAY BAGHEL,956497,438226
234,EASTDELHI(3),369,U053,EASTDELHI,HARSH MALHOTRA,664819,93663
5,ELURU(10),1745,S0110,ELURU,PUTTA MAHESH KUMAR,746351,181857
30,ERNAKULAM(12),742,S1112,ERNAKULAM,HIBI EDEN,482317,250385
14,ERODE(17),582,S2217,ERODE,K E PRAKASH,562339,236566
8,ETAH(22),1680,S2422,ETAH,DEVESH SHAKYA,475808,28052
16,ETAWAH(41),1680,S2441,ETAWAH,JITENDRA KUMAR DOHARE,490747,58419
23,FAIZABAD(54),1680,S2454,FAIZABAD,AWADHESH PRASAD,554289,54567
57,FARIDABAD(10),369,S0710,FARIDABAD,KRISHAN PAL,788569,172914
4,FARIDKOT(9),743,S199,FARIDKOT,SARABJEET SINGH KHALSA,298062,70053
171,FARRUKHABAD(40),369,S2440,FARRUKHABAD,MUKESH RAJPUT,487963,2678
59,FATEHGARHSAHIB(8),742,S198,FATEHGARHSAHIB,AMAR SINGH,332591,34202
21,FATEHPUR(49),1680,S2449,FATEHPUR,NARESH CHANDRA UTTAM PATEL,500328,33199
163,FATEHPURSIKRI(19),369,S2419,FATEHPURSIKRI,RAJKUMAR CHAHAR,445657,43405
6,FIROZABAD(20),1680,S2420,FIROZABAD,AKSHAYA YADAV,543037,89312
60,FIROZPUR(10),742,S1910,FIROZPUR,SHER SINGH GHUBAYA,266626,3242
42,GADCHIROLI-CHIMUR(12),742,S1312,GADCHIROLI-CHIMUR,DR. KIRSAN NAMDEO,617792,141696
32,GANDHINAGAR(6),369,S066,GANDHINAGAR,AMIT SHAH,1010972,744716
62,GANGANAGAR(1),742,S201,GANGANAGAR,KULDEEP INDORA,726492,88153
218,GARHWAL(2),369,S282,GARHWAL,ANIL BALUNI,432159,163503
157,GAUTAMBUDDHANAGAR(13),369,S2413,GAUTAMBUDDHANAGAR,DR. MAHESH SHARMA,857829,559472
1,GAYA(38),664,S0438,GAYA,JITAN RAM MANJHI,494960,101812
21,GHATAL(32),140,S2532,GHATAL,ADHIKARI DEEPAK (DEV),837990,182868
156,GHAZIABAD(12),369,S2412,GHAZIABAD,ATUL GARG,854170,336965
35,GHAZIPUR(75),1680,S2475,GHAZIPUR,AFZAL ANSARI,539912,124861
30,GHOSI(70),1680,S2470,GHOSI,RAJEEV RAI,503131,162943
1,GIRIDIH(6),160,S276,GIRIDIH,CHANDRA PRAKASH CHOUDHARY,451139,80880
209,GODDA(3),369,S273,GODDA,NISHIKANT DUBEY,693140,101813
178,GONDA(59),369,S2459,GONDA,KIRTIVARDHAN SINGH,474258,46224
7,GOPALGANJ(17),805,S0417,GOPALGANJ,DR. ALOK KUMAR SUMAN,511866,127180
181,GORAKHPUR(64),369,S2464,GORAKHPUR,RAVINDRA SHUKLA ALIAS RAVI KISHAN,585834,103526
15,GULBARGA(5),742,S105,GULBARGA,RADHAKRISHNA,652321,27205
83,GUNA(4),369,S124,GUNA,JYOTIRADITYA M. SCINDIA,923302,540929
7,GUNTUR(13),1745,S0113,GUNTUR,DR CHANDRA SEKHAR PEMMASANI,864948,344695
55,GURDASPUR(1),742,S191,GURDASPUR,SUKHJINDER SINGH RANDHAWA,364043,82861
56,GURGAON(9),369,S079,GURGAON,RAO INDERJIT SINGH,808336,75079
7,GUWAHATI(5),369,S035,GUWAHATI,BIJULI KALITA MEDHI,894887,251090
82,GWALIOR(3),369,S123,GWALIOR,BHARAT SINGH KUSHWAH,671535,70210
2,HAJIPUR(21),3165,S0421,HAJIPUR,CHIRAG PASWAN,615718,170105
19,HAMIRPUR(47),1680,S2447,HAMIRPUR,AJENDRA SINGH LODHI,490683,2629
60,HAMIRPUR(3),369,S083,HAMIRPUR,ANURAG SINGH THAKUR,607068,182357
167,HARDOI(31),369,S2431,HARDOI,JAI PRAKASH,486798,27856
221,HARIDWAR(5),369,S285,HARIDWAR,TRIVENDRA SINGH RAWAT,653808,164056
21,HASSAN(16),742,S1016,HASSAN,SHREYAS. M. PATEL,672988,42649
160,HATHRAS(16),369,S2416,HATHRAS,ANOOP PRADHAN BALMIKI,554746,247318
7,HATKANANGALE(48),3529,S1348,HATKANANGALE,DHAIRYASHEEL SAMBHAJIRAO MANE,520190,13426
65,HAVERI(10),369,S1010,HAVERI,BASAVARAJ BOMMAI,705538,43513
216,HAZARIBAGH(14),369,S2714,HAZARIBAGH,MANISH JAISWAL,654613,276686
14,HINDUPUR(20),1745,S0120,HINDUPUR,B K PARTHASARATHI,725534,132427
2,HINGOLI(15),3369,S1315,HINGOLI,AASHTIKAR PATIL NAGESH BAPURAO,492535,108602
11,HISAR(4),742,S074,HISAR,JAI PARKASH (J P) S/O HARIKESH,570424,63381
19,HOOGHLY(28),140,S2528,HOOGHLY,RACHNA BANERJEE,702744,76853
96,HOSHANGABAD(17),369,S1217,HOSHANGABAD,DARSHAN SINGH CHOUDHARY,812147,431696
1,HOSHIARPUR(5),1,S195,HOSHIARPUR,DR. RAJ KUMAR CHABBEWAL,303859,44111
16,HOWRAH(25),140,S2525,HOWRAH,PRASUN BANERJEE,626493,169442
1,HYDERABAD(9),118,S299,HYDERABAD,ASADUDDIN OWAISI,661981,338087
31,IDUKKI(13),742,S1113,IDUKKI,ADV. DEAN KURIAKOSE,432372,133727
105,INDORE(26),369,S1226,INDORE,SHANKAR LALWANI,1226751,1175092
50,INNERMANIPUR(1),742,S141,INNERMANIPUR,ANGOMCHA BIMOL AKOIJAM,374017,109801
92,JABALPUR(13),369,S1213,JABALPUR,ASHISH DUBEY,790133,486674
13,JADAVPUR(22),140,S2522,JADAVPUR,SAYANI GHOSH,717899,258201
133,JAGATSINGHPUR(16),369,S1816,JAGATSINGHPUR,BIBHU PRASAD TARAI,589093,40696
3,JAHANABAD(36),1420,S0436,JAHANABAD,SURENDRA PRASAD YADAV,443035,142591
140,JAIPUR(7),369,S207,JAIPUR,MANJU SHARMA,886850,331767
139,JAIPURRURAL(6),369,S206,JAIPURRURAL,RAO RAJENDRA SINGH,617877,1615
125,JAJPUR(8),369,S188,JAJPUR,RABINDRA NARAYAN BEHERA,534239,1587
57,JALANDHAR(4),742,S194,JALANDHAR,CHARANJIT SINGH CHANNI,390053,175993
18,JALAUN(45),1680,S2445,JALAUN,NARAYAN DAS AHIRWAR,530180,53898
109,JALGAON(3),369,S133,JALGAON,SMITA UDAY WAGH,674428,251594
45,JALNA(18),742,S1318,JALNA,KALYAN VAIJINATHRAO KALE,607897,109958
145,JALORE(18),369,S2018,JALORE,LUMBARAM,796783,201543
188,JALPAIGURI(3),369,S253,JALPAIGURI,DR JAYANTA KUMAR ROY,766568,86693
240,JAMMU(5),369,U085,JAMMU,JUGAL KISHORE,687588,135498
38,JAMNAGAR(12),369,S0612,JAMNAGAR,POONAMBEN HEMATBHAI MAADAM,620049,238008
214,JAMSHEDPUR(9),369,S279,JAMSHEDPUR,BIDYUT BARAN MAHATO,726174,259782
5,JAMUI(40),3165,S0440,JAMUI,ARUN BHARTI,509046,112482
2,JANGIPUR(9),140,S259,JANGIPUR,KHALILUR RAHAMAN,544427,116637
201,JANJGIR-CHAMPA(3),369,S263,JANJGIR-CHAMPA,KAMLESH JANGDE,678199,60000
33,JAUNPUR(73),1680,S2473,JAUNPUR,BABU SINGH KUSHWAHA,509130,99335
151,JHALAWAR-BARAN(25),369,S2025,JHALAWAR-BARAN,DUSHYANT SINGH,865376,370989
4,JHANJHARPUR(7),805,S047,JHANJHARPUR,RAMPRIT MANDAL,533032,184169
174,JHANSI(46),369,S2446,JHANSI,ANURAG SHARMA,690316,102614
22,JHARGRAM(33),140,S2533,JHARGRAM,KALIPADA SAREN (KHERWAL),743478,174048
64,JHUNJHUNU(4),742,S204,JHUNJHUNU,BRIJENDRA SINGH OLA,553168,18235
144,JODHPUR(16),369,S2016,JODHPUR,GAJENDRA SINGH SHEKHAWAT,730056,115677
3,JORHAT(14),742,S0314,JORHAT,GAURAV GOGOI,751771,144393
10,JOYNAGAR(19),140,S2519,JOYNAGAR,PRATIMA MONDAL,894312,470219
39,JUNAGADH(13),369,S0613,JUNAGADH,CHUDASAMA RAJESHBHAI NARANBHAI,584049,135494
28,KACHCHH(1),369,S061,KACHCHH,CHAVDA VINOD LAKHAMSHI,659574,268782
2,KADAPA(21),1888,S0121,KADAPA,Y. S. AVINASH REDDY,605143,62695
1,KAIRANA(2),1680,S242,KAIRANA,IQRA CHOUDHARY,528013,69116
177,KAISERGANJ(57),369,S2457,KAISERGANJ,KARAN BHUSHAN SINGH,571263,148843
1,KAKINADA(6),860,S016,KAKINADA,TANGELLA UDAY SRINIVAS (TEA TIME UDAY),729699,229491
128,KALAHANDI(11),369,S1811,KALAHANDI,MALVIKA DEVI,544303,133813
11,KALLAKURICHI(14),582,S2214,KALLAKURICHI,MALAIYARASAN D,561589,53784
3,KALYAN(24),3529,S1324,KALYAN,DR SHRIKANT EKNATH SHINDE,589636,209144
5,KANCHEEPURAM(6),582,S226,KANCHEEPURAM,SELVAM. G,586044,221473
130,KANDHAMAL(13),369,S1813,KANDHAMAL,SUKANTA KUMAR PANIGRAHI,416415,21371
58,KANGRA(1),369,S081,KANGRA,DR RAJEEV BHARDWAJ,632793,251895
208,KANKER(11),369,S2611,KANKER,BHOJRAJ NAG,597624,1884
17,KANNAUJ(42),1680,S2442,KANNAUJ,AKHILESH YADAV,642292,170922
78,KANNIYAKUMARI(39),742,S2239,KANNIYAKUMARI,VIJAYAKUMAR (Alias) VIJAY VASANTH,546248,179907
24,KANNUR(2),742,S112,KANNUR,K. SUDHAKARAN,518524,108982
172,KANPUR(43),369,S2443,KANPUR,RAMESH AWASTHI,443055,20968
196,KANTHI(31),369,S2531,KANTHI,ADHIKARI SOUMENDU,763195,47764
2,KARAKAT(35),545,S0435,KARAKAT,RAJA RAM SINGH,380581,105858
66,KARAULI-DHOLPUR(10),742,S2010,KARAULI-DHOLPUR,BHAJAN LAL JATAV,530011,98945
9,KARIMGANJ(7),369,S037,KARIMGANJ,KRIPANATH MALLAH,545093,18360
223,KARIMNAGAR(3),369,S293,KARIMNAGAR,BANDI SANJAY KUMAR,585116,225209
54,KARNAL(5),369,S075,KARNAL,MANOHAR LAL,739285,232577
72,KARUR(23),742,S2223,KARUR,JOTHIMANI. S,534906,166816
23,KASARAGOD(1),742,S111,KASARAGOD,RAJMOHAN UNNITHAN,490659,100649
5,KATIHAR(11),742,S0411,KATIHAR,TARIQ ANWAR,567092,49863
22,KAUSHAMBI(50),1680,S2450,KAUSHAMBI,PUSHPENDRA SAROJ,509787,103944
11,KAZIRANGA(10),369,S0310,KAZIRANGA,KAMAKHYA PRASAD TASA,897043,248947
132,KENDRAPARA(15),369,S1815,KENDRAPARA,BAIJAYANT PANDA,615705,66536
121,KEONJHAR(4),369,S184,KEONJHAR,ANANTA NAYAK,573923,97042
3,KHADOORSAHIB(3),743,S193,KHADOORSAHIB,AMRITPAL SINGH,404430,197120
4,KHAGARIA(25),3165,S0425,KHAGARIA,RAJESH VERMA,538657,161131
87,KHAJURAHO(8),369,S128,KHAJURAHO,VISHNU DATT SHARMA (V.D.SHARMA),772774,541229
96,KHAMMAM(17),742,S2917,KHAMMAM,RAMASAHAYAM RAGHURAM REDDY,766929,467847
107,KHANDWA(28),369,S1228,KHANDWA,GYANESHWAR PATIL,862679,269971
106,KHARGONE(27),369,S1227,KHARGONE,GAJENDRA SINGH PATEL,819863,135018
43,KHEDA(17),369,S0617,KHEDA,DEVUSINH CHAUHAN,744435,357758
11,KHERI(28),1680,S2428,KHERI,UTKARSH VERMA 'MADHUR',557365,34329
87,KHUNTI(11),742,S2711,KHUNTI,KALI CHARAN MUNDA,511647,149675
4,KISHANGANJ(10),742,S0410,KISHANGANJ,MOHAMMAD JAWED,402850,59692
211,KODARMA(5),369,S275,KODARMA,ANNPURNA DEVI,791657,377014
1,KOKRAJHAR(1),1998,S031,KOKRAJHAR,JOYANTA BASUMATARY,488995,51583
2,KOLAR(28),804,S1028,KOLAR,M. MALLESH BABU,691481,71388
49,KOLHAPUR(47),742,S1347,KOLHAPUR,CHHATRAPATI SHAHU SHAHAJI,754522,154964
14,KOLKATADAKSHIN(23),140,S2523,KOLKATA DAKSHIN,MALA ROY,615274,187231
15,KOLKATAUTTAR(24),140,S2524,KOLKATA UTTAR,BANDYOPADHYAY SUDIP,454696,92560
1,KOLLAM(18),1534,S1118,KOLLAM,N K PREMACHANDRAN,443628,150302
18,KOPPAL(8),742,S108,KOPPAL,K. RAJASHEKAR BASAVARAJ HITNAL,663511,46357
54,KORAPUT(21),742,S1821,KORAPUT,SAPTAGIRI SANKAR ULAKA,471393,147744
86,KORBA(4),742,S264,KORBA,JYOTSNA CHARANDAS MAHANT,570182,43283
150,KOTA(24),369,S2024,KOTA,OM BIRLA,750496,41974
1,KOTTAYAM(14),911,S1114,KOTTAYAM,ADV K FRANCIS GEORGE,364631,87266
27,KOZHIKODE(5),742,S115,KOZHIKODE,M. K. RAGHAVAN,520421,146176
71,KRISHNAGIRI(9),742,S229,KRISHNAGIRI,GOPINATH K,492883,192486
5,KRISHNANAGAR(12),140,S2512,KRISHNANAGAR,MAHUA MOITRA,628789,56705
12,KURNOOLU(18),1745,S0118,KURNOOLU,BASTIPATI NAGARAJU PANCHALINGALA,658914,111298
53,KURUKSHETRA(2),369,S072,KURUKSHETRA,NAVEEN JINDAL,542175,29021
182,KUSHINAGAR(65),369,S2465,KUSHINAGAR,VIJAY KUMAR DUBAY,516345,81790
7,LADAKH(1),743,U091,LADAKH,MOHMAD HANEEFA,65259,27862
13,LAKHIMPUR(12),369,S0312,LAKHIMPUR,PRADAN BARUAH,663122,201257
98,LAKSHADWEEP(1),742,U061,LAKSHADWEEP,MUHAMMED HAMDULLAH SAYEED,25726,2647
28,LALGANJ(68),1680,S2468,LALGANJ,DAROGA PRASAD SAROJ,439959,115023
47,LATUR(41),742,S1341,LATUR,DR. KALGE SHIVAJI BANDAPPA,609021,61881
88,LOHARDAGA(12),742,S2712,LOHARDAGA,SUKHDEO BHAGAT,483038,139138
170,LUCKNOW(35),369,S2435,LUCKNOW,RAJ NATH SINGH,612709,135159
58,LUDHIANA(7),742,S197,LUDHIANA,AMRINDER SINGH RAJA WARRING,322224,20942
34,MACHHLISHAHR(74),1680,S2474,MACHHLISHAHR,PRIYA SAROJ,451292,35850
2,MACHILIPATNAM(11),860,S0111,MACHILIPATNAM,BALASHOWRY VALLABHANENI,724439,223179
8,MADHA(43),3620,S1343,MADHA,MOHITE-PATIL DHAIRYASHEEL RAJSINH,622213,120837
6,MADHEPURA(13),805,S0413,MADHEPURA,DINESH CHANDRA YADAV,640649,174534
17,MADHUBANI(6),369,S046,MADHUBANI,ASHOK KUMAR YADAV,553428,151945
4,MADURAI(32),547,S2232,MADURAI,VENKATESAN S,430323,209409
95,MAHABUBABAD(16),742,S2916,MAHABUBABAD,BALRAM NAIK PORIKA,612774,349165
21,MAHARAJGANJ(19),369,S0419,MAHARAJGANJ,"JANARDAN SINGH ""SIGRIWAL""",529533,102651
180,MAHARAJGANJ(63),369,S2463,MAHARAJGANJ,PANKAJ CHAUDHARY,591310,35451
206,MAHASAMUND(9),369,S269,MAHASAMUND,ROOP KUMARI CHOUDHARY,703659,145456
229,MAHBUBNAGAR(11),369,S2911,MAHBUBNAGAR,ARUNA. D. K,510747,4500
30,MAHESANA(4),369,S064,MAHESANA,HARIBHAI PATEL,686406,328046
7,MAINPURI(21),1680,S2421,MAINPURI,DIMPLE YADAV,598526,221639
1,MALAPPURAM(6),772,S116,MALAPPURAM,E.T.  MOHAMMED BASHEER,644006,300118
85,MALDAHADAKSHIN(8),742,S258,MALDAHADAKSHIN,ISHA KHAN CHOUDHURY,572395,128368
192,MALDAHAUTTAR(7),369,S257,MALDAHAUTTAR,KHAGEN MURMU,527023,77708
226,MALKAJGIRI(7),369,S297,MALKAJGIRI,EATALA RAJENDER,991042,391475
59,MANDI(2),369,S082,MANDI,KANGNA RANAUT,537022,74755
93,MANDLA(14),369,S1214,MANDLA,FAGGAN SINGH KULASTE,751375,103846
102,MANDSOUR(23),369,S1223,MANDSOUR,SUDHEER GUPTA,945761,500655
1,MANDYA(20),804,S1020,MANDYA,H.D. KUMARASWAMY,851881,284620
161,MATHURA(17),369,S2417,MATHURA,HEMAMALINI DHARMENDRA DEOL,510064,293407
11,MATHURAPUR(20),140,S2520,MATHURAPUR,BAPI HALDAR,755731,201057
6,MAVAL(33),3529,S1333,MAVAL,SHRIRANG APPA CHANDU BARNE,692832,96615
33,MAVELIKKARA(16),742,S1116,MAVELIKKARA,KODIKUNNIL SURESH,369516,10868
74,MAYILADUTHURAI(28),742,S2228,MAYILADUTHURAI,SUDHA R,518459,271183
122,MAYURBHANJ(5),369,S185,MAYURBHANJ,NABA CHARAN MAJHI,585971,219334
225,MEDAK(6),369,S296,MEDAK,MADHAVANENI RAGHUNANDAN RAO,471217,39139
23,MEDINIPUR(34),140,S2534,MEDINIPUR,JUNE MALIAH,702192,27191
155,MEERUT(10),369,S2410,MEERUT,ARUN GOVIL,546469,10585
1,MIRZAPUR(79),2070,S2479,MIRZAPUR,ANUPRIYA PATEL,471631,37810
168,MISRIKH(32),369,S2432,MISRIKH,ASHOK KUMAR RAWAT,475016,33406
1,MIZORAM(1),2757,S161,MIZORAM,RICHARD VANLALHMANGAIHA,208552,68288
13,MOHANLALGANJ(34),1680,S2434,MOHANLALGANJ,R.K. CHAUDHARY,667869,70292
3,MORADABAD(6),1680,S246,MORADABAD,RUCHI VIRA,637363,105762
80,MORENA(1),369,S121,MORENA,SHIVMANGAL SINGH TOMAR,515477,52530
114,MUMBAINORTH(26),369,S1326,MUMBAINORTH,PIYUSH GOYAL,680146,357608
46,MUMBAINORTHCENTRAL(29),742,S1329,MUMBAINORTHCENTRAL,GAIKWAD VARSHA EKNATH,445545,16514
5,MUMBAINORTHEAST(28),3369,S1328,MUMBAINORTHEAST,SANJAY DINA PATIL,450937,29861
5,MUMBAINORTHWEST(27),3529,S1327,MUMBAINORTHWEST,RAVINDRA DATTARAM WAIKAR,452644,48
7,MUMBAISOUTH(31),3369,S1331,MUMBAISOUTH,ARVIND GANPAT SAWANT,395655,52673
6,MUMBAISOUTHCENTRAL(30),3369,S1330,MUMBAISOUTHCENTRAL,ANIL YESHWANT DESAI,395138,53384
11,MUNGER(28),805,S0428,MUNGER,RAJIV RANJAN SINGH ALIAS LALAN SINGH,550146,80870
4,MURSHIDABAD(11),140,S2511,MURSHIDABAD,ABU TAHER KHAN,682442,164215
2,MUZAFFARNAGAR(3),1680,S243,MUZAFFARNAGAR,HARENDRA SINGH MALIK,470721,24672
20,MUZAFFARPUR(15),369,S0415,MUZAFFARPUR,RAJ BHUSHAN CHOUDHARY,619749,234927
73,MYSORE(21),369,S1021,MYSORE,YADUVEER KRISHNADATTA CHAMARAJA WADIYAR,795503,139262
129,NABARANGPUR(12),369,S1812,NABARANGPUR,BALABHADRA MAJHI,481396,87536
53,NAGALAND(1),742,S171,NAGALAND,S SUPONGMEREN JAMIR,401951,50984
2,NAGAON(9),742,S039,NAGAON,PRADYUT BORDOLOI,788850,212231
2,NAGAPATTINAM(29),544,S2229,NAGAPATTINAM,SELVARAJ V,465044,208957
91,NAGARKURNOOL(12),742,S2912,NAGARKURNOOL,DR.MALLU RAVI,465072,94414
1,NAGAUR(14),2484,S2014,NAGAUR,HANUMAN BENIWAL,596955,42225
1,NAGINA(5),2989,S245,NAGINA,CHANDRASHEKHAR,512552,151473
112,NAGPUR(10),369,S1310,NAGPUR,NITIN JAIRAM GADKARI,655027,137603
220,NAINITAL-UDHAMSINGHNAGAR(4),369,S284,NAINITAL-UDHAMSINGHNAGAR,AJAY BHATT,772671,334548
12,NALANDA(29),805,S0429,NALANDA,KAUSHALENDRA KUMAR,559422,169114
92,NALGONDA(13),742,S2913,NALGONDA,KUNDURU RAGHUVEER,784337,559905
13,NAMAKKAL(16),582,S2216,NAMAKKAL,MATHESWARAN V S,462036,29112
44,NANDED(16),742,S1316,NANDED,CHAVAN VASANTRAO BALWANTRAO,528894,59442
37,NANDURBAR(1),742,S131,NANDURBAR,ADV GOWAAL KAGADA PADAVI,745998,159120
11,NANDYAL(17),1745,S0117,NANDYAL,DR BYREDDY SHABARI,701131,111975
3,NARSAPURAM(9),369,S019,NARSAPURAM,BHUPATHI RAJU SRINIVASA VARMA (B.J.P.VARMA),707343,276802
8,NARSARAOPET(14),1745,S0114,NARSARAOPET,LAVU SRIKRISHNA DEVARAYALU,807996,159729
4,NASHIK(21),3369,S1321,NASHIK,RAJABHAU (PARAG) PRAKASH WAJE,616729,162001
51,NAVSARI(25),369,S0625,NAVSARI,C R PATIL,1031065,773551
26,NAWADA(39),369,S0439,NAWADA,VIVEK THAKUR,410608,67670
15,NELLORE(22),1745,S0122,NELLORE,PRABHAKAR REDDY VEMIREDDY,766202,245902
235,NEWDELHI(4),369,U054,NEWDELHI,BANSURI SWARAJ,453185,78370
15,NILGIRIS(19),582,S2219,NILGIRIS,RAJA A,473212,240585
224,NIZAMABAD(4),369,S294,NIZAMABAD,ARVIND DHARMAPURI,592318,109241
233,NORTH-EASTDELHI(2),369,U052,NORTH-EASTDELHI,MANOJ TIWARI,824451,138778
27,NORTHGOA(1),369,S051,NORTHGOA,SHRIPAD YESSO NAIK,257326,116015
236,NORTH-WESTDELHI(5),369,U055,NORTH-WESTDELHI,YOGENDER CHANDOLIYA,866483,290849
10,ONGOLE(16),1745,S0116,ONGOLE,MAGUNTA SREENIVASULU REDDY,701894,50199
9,OSMANABAD(40),3369,S1340,OSMANABAD,OMPRAKASH BHUPALSINH ALIAS PAVAN RAJENIMBALKAR,748752,329846
51,OUTERMANIPUR(2),742,S142,OUTERMANIPUR,ALFRED KANNGAM S ARTHUR,384954,85418
28,PALAKKAD(8),742,S118,PALAKKAD,V K SREEKANDAN,421169,75283
215,PALAMAU(13),369,S2713,PALAMAU,VISHNU DAYAL RAM,770362,288807
113,PALGHAR(22),369,S1322,PALGHAR,DR. HEMANT VISHNU SAVARA,601244,183306
143,PALI(15),369,S2015,PALI,P. P. CHAUDHARY,757389,245351
44,PANCHMAHAL(18),369,S0618,PANCHMAHAL,RAJPALSINH MAHENDRASINH JADAV,794579,509342
3,PARBHANI(17),3369,S1317,PARBHANI,JADHAV SANJAY ( BANDU ) HARIBHAU,601343,134061
15,PASCHIMCHAMPARAN(2),369,S042,PASCHIMCHAMPARAN,DR.SANJAY JAISWAL,580421,136568
29,PATAN(3),369,S063,PATAN,DABHI  BHARATSINHJI  SHANKARJI,591947,31876
34,PATHANAMTHITTA(17),742,S1117,PATHANAMTHITTA,ANTO ANTONY,367623,66119
61,PATIALA(13),742,S1913,PATIALA,DR DHARAMVIRA GANDHI,305616,14831
1,PATLIPUTRA(31),1420,S0431,PATLIPUTRA,MISHA BHARTI,613283,85174
25,PATNASAHIB(30),369,S0430,PATNASAHIB,RAVI SHANKAR PRASAD,588270,153846
89,PEDDAPALLE(2),742,S292,PEDDAPALLE,VAMSI KRISHNA GADDAM,475587,131364
18,PERAMBALUR(25),582,S2225,PERAMBALUR,ARUN NEHRU,603209,389107
175,PHULPUR(51),369,S2451,PHULPUR,PRAVEEN PATEL,452600,4332
165,PILIBHIT(26),369,S2426,PILIBHIT,JITIN PRASADA,607158,164935
17,POLLACHI(21),582,S2221,POLLACHI,ESWARASAMY K,533377,252042
2,PONNANI(7),772,S117,PONNANI,DR. M.P ABDUSSAMAD SAMADANI,562516,235760
37,PORBANDAR(11),369,S0611,PORBANDAR,DR. MANSUKH MANDAVIYA,633118,383360
15,PRATAPGARH(39),1680,S2439,PRATAPGARH,SHIV PAL SINGH PATEL (DR. S P SINGH),441932,66206
99,PUDUCHERRY(1),742,U071,PUDUCHERRY,VE VAITHILINGAM,426005,136516
115,PUNE(34),369,S1334,PUNE,MURLIDHAR MOHOL,584728,123038
134,PURI(17),369,S1817,PURI,SAMBIT PATRA,629330,104709
1,PURNIA(12),743,S0412,PURNIA,RAJESH RANJAN ALIAS PAPPU YADAV,567556,23847
197,PURULIA(35),369,S2535,PURULIA,JYOTIRMAY SINGH MAHATO,578489,17079
16,PURVICHAMPARAN(3),369,S043,PURVICHAMPARAN,RADHA MOHAN SINGH,542193,88287
81,RAEBARELI(36),742,S2436,RAEBARELI,RAHUL GANDHI,687649,390030
16,RAICHUR(6),742,S106,RAICHUR,G. KUMAR NAIK.,670966,79781
1,RAIGAD(32),1142,S1332,RAIGAD,TATKARE SUNIL DATTATREY,508352,82784
190,RAIGANJ(5),369,S255,RAIGANJ,KARTICK CHANDRA PAUL,560897,68197
200,RAIGARH(2),369,S262,RAIGARH,RADHESHYAM RATHIYA,808275,240391
205,RAIPUR(8),369,S268,RAIPUR,BRIJMOHAN AGRAWAL,1050351,575285
2,RAJAHMUNDRY(8),369,S018,RAJAHMUNDRY,DAGGUBATI PURANDHESHWARI,726515,239139
4,RAJAMPET(24),1888,S0124,RAJAMPET,P V MIDHUN REDDY,644844,76071
99,RAJGARH(20),369,S1220,RAJGARH,RODMAL NAGAR,758743,146089
36,RAJKOT(10),369,S0610,RAJKOT,PARSHOTTAMBHAI RUPALA,857984,484260
1,RAJMAHAL(1),852,S271,RAJMAHAL,VIJAY KUMAR HANSDAK,613371,178264
203,RAJNANDGAON(6),369,S266,RAJNANDGAON,SANTOSH PANDEY,712057,44411
148,RAJSAMAND(22),369,S2022,RAJSAMAND,MAHIMA KUMARI MEWAR,781203,392223
3,RAMANATHAPURAM(35),772,S2235,RAMANATHAPURAM,NAVASKANI K,509664,166782
4,RAMPUR(7),1680,S247,RAMPUR,MOHIBBULLAH,481503,87434
40,RAMTEK(9),742,S139,RAMTEK,Shyamkumar (Babalu) Daulat Barve,613025,76768
193,RANAGHAT(13),369,S2513,RANAGHAT,JAGANNATH SARKAR,782396,186899
213,RANCHI(8),369,S278,RANCHI,SANJAY SETH,664732,120512
103,RATLAM(24),369,S1224,RATLAM,ANITA NAGARSINGH CHOUHAN,795863,207232
117,RATNAGIRI-SINDHUDURG(46),369,S1346,RATNAGIRI-SINDHUDURG,NARAYAN TATU RANE,448514,47858
110,RAVER(4),369,S134,RAVER,KHADSE RAKSHA NIKHIL,630879,272183
89,REWA(10),369,S1210,REWA,JANARDAN MISHRA,477459,193374
37,ROBERTSGANJ(80),1680,S2480,ROBERTSGANJ,CHHOTELAL,465848,129234
13,ROHTAK(7),742,S077,ROHTAK,DEEPENDER SINGH HOODA,783578,345298
31,SABARKANTHA(5),369,S065,SABARKANTHA,SHOBHANABEN MAHENDRASINH BARAIYA,677318,155682
84,SAGAR(5),369,S125,SAGAR,DR. LATA WANKHEDE,787979,471222
79,SAHARANPUR(1),742,S241,SAHARANPUR,IMRAN MASOOD,547967,64542
12,SALEM(15),582,S2215,SALEM,SELVAGANAPATHI T M,566085,70357
31,SALEMPUR(71),1680,S2471,SALEMPUR,RAMASHANKAR RAJBHAR,405472,3573
3,SAMASTIPUR(23),3165,S0423,SAMASTIPUR,SHAMBHAVI,579786,187251
120,SAMBALPUR(3),369,S183,SAMBALPUR,DHARMENDRA PRADHAN,592162,119836
5,SAMBHAL(8),1680,S248,SAMBHAL,ZIA UR REHMAN,571161,121494
2,SANGLI(44),743,S1344,SANGLI,VISHAL (DADA) PRAKASHBAPU PATIL,571666,100053
3,SANGRUR(12),1,S1912,SANGRUR,GURMEET SINGH MEET HAYER,364085,172560
27,SANTKABIRNAGAR(62),1680,S2462,SANTKABIRNAGAR,LAXMIKANT PAPPU NISHAD,498695,92170
22,SARAN(20),369,S0420,SARAN,RAJIV PRATAP RUDY,471752,13661
6,SASARAM(34),742,S0434,SASARAM,MANOJ KUMAR,513004,19157
116,SATARA(45),369,S1345,SATARA,SHRIMANT CHH UDAYANRAJE PRATAPSINHAMAHARAJ BHONSLE,571134,32771
88,SATNA(9),369,S129,SATNA,GANESH SINGH,459728,84949
227,SECUNDERABAD(8),369,S298,SECUNDERABAD,G. KISHAN REDDY,473012,49944
91,SHAHDOL(12),369,S1212,SHAHDOL,SMT. HIMADRI SINGH,711143,397340
166,SHAHJAHANPUR(27),369,S2427,SHAHJAHANPUR,ARUN KUMAR SAGAR,592718,55379
2,SHEOHAR(4),805,S044,SHEOHAR,LOVELY ANAND,476612,29143
1,SHILLONG(1),3388,S151,SHILLONG,DR. RICKY ANDREW J. SYNGKON,571078,371910
61,SHIMLA(4),369,S084,SHIMLA,Suresh Kumar Kashyap,519748,91451
68,SHIMOGA(14),369,S1014,SHIMOGA,B.Y.RAGHAVENDRA,778721,243715
8,SHIRDI(38),3369,S1338,SHIRDI,BHAUSAHEB RAJARAM WAKCHAURE,476900,50529
5,SHIRUR(36),3620,S1336,SHIRUR,DR. AMOL RAMSING KOLHE,698692,140951
25,SHRAWASTI(58),1680,S2458,SHRAWASTI,RAM SHIROMANI VERMA,511055,76673
90,SIDHI(11),369,S1211,SIDHI,DR. RAJESH MISHRA,583559,206416
2,SIKAR(5),547,S205,SIKAR,AMRARAM,659300,72896
1,SIKKIM(1),1658,S211,SIKKIM,INDRA HANG SUBBA,164396,80830
10,SILCHAR(8),369,S038,SILCHAR,PARIMAL SUKLABAIDYA,652405,264311
3,SINGHBHUM(10),852,S2710,SINGHBHUM,JOBA MAJHI,520164,168402
10,SIRSA(3),742,S073,SIRSA,SELJA,733823,268497
3,SITAMARHI(5),805,S045,SITAMARHI,DEVESH CHANDRA THAKUR,515719,51356
80,SITAPUR(30),742,S2430,SITAPUR,RAKESH RATHOR,531138,89641
75,SIVAGANGA(31),742,S2231,SIVAGANGA,KARTI P CHIDAMBARAM,427677,205664
8,SIWAN(18),805,S0418,SIWAN,VIJAYLAKSHMI DEVI,386508,92857
48,SOLAPUR(42),742,S1342,SOLAPUR,PRANITI SUSHILKUMAR SHINDE,620225,74197
12,SONIPAT(6),742,S076,SONIPAT,SATPAL BRAHAMCHARI,548682,21816
12,SONITPUR(11),369,S0311,SONITPUR,RANJIT DUTTA,775788,361408
238,SOUTHDELHI(7),369,U057,SOUTHDELHI,RAMVIR SINGH BIDHURI,692832,124333
7,SOUTHGOA(2),742,S052,SOUTHGOA,CAPTAIN  VIRIATO FERNANDES,217836,13535
18,SRERAMPUR(27),140,S2527,SRERAMPUR,KALYAN BANERJEE,673970,174830
1,SRIKAKULAM(2),1745,S012,SRIKAKULAM,KINJARAPU RAMMOHAN NAIDU,754328,327901
1,SRINAGAR(2),834,U082,SRINAGAR,AGA SYED RUHULLAH MEHDI,356866,188416
4,SRIPERUMBUDUR(5),582,S225,SRIPERUMBUDUR,T R BAALU,758611,487029
14,SULTANPUR(38),1680,S2438,SULTANPUR,RAMBHUAL NISHAD,444330,43174
119,SUNDARGARH(2),369,S182,SUNDARGARH,JUAL ORAM,494282,138808
5,SUPAUL(8),805,S048,SUPAUL,DILESHWAR KAMAIT,595038,169803
50,SURAT(24),369,S0624,SURAT,MUKESHKUMAR CHANDRAKAANT DALAL (Uncontested),0,0
35,SURENDRANAGAR(9),369,S069,SURENDRANAGAR,CHANDUBHAI CHHAGANBHAI SHIHORA,669749,261617
199,SURGUJA(1),369,S261,SURGUJA,CHINTAMANI MAHARAJ,713200,64822
195,TAMLUK(30),369,S2530,TAMLUK,ABHIJIT GANGOPADHYAY,765584,77733
217,TEHRIGARHWAL(1),369,S281,TEHRIGARHWAL,MALA RAJYA LAKSHMI SHAH,462603,272493
22,TENKASI(37),582,S2237,TENKASI,DR RANI SRI KUMAR,425679,196199
4,THANE(25),3529,S1325,THANE,NARESH GANPAT MHASKE,734231,217011
19,THANJAVUR(30),582,S2230,THANJAVUR,MURASOLI S,502245,319583
20,THENI(33),582,S2233,THENI,THANGA TAMILSELVAN,571493,278825
3,THIRUPATHI(SC)(23),1888,S0123,THIRUPATHI(SC),GURUMOORTHY MADDILA,632228,14569
36,THIRUVANANTHAPURAM(20),742,S1120,THIRUVANANTHAPURAM,SHASHI THAROOR,358155,16077
21,THOOTHUKKUDI(36),582,S2236,THOOTHUKKUDI,KANIMOZHI KARUNANIDHI,540729,392738
79,THRISSUR(10),369,S1110,THRISSUR,SURESH GOPI,412338,74686
85,TIKAMGARH(6),369,S126,TIKAMGARH,DR. VIRENDRA KUMAR,715050,403312
1,TIRUCHIRAPPALLI(24),1046,S2224,TIRUCHIRAPPALLI,DURAI VAIKO,542213,313094
77,TIRUNELVELI(38),742,S2238,TIRUNELVELI,ROBERT BRUCE C,502296,165620
1,TIRUPPUR(18),544,S2218,TIRUPPUR,"SUBBARAYAN, K.",472739,125928
70,TIRUVALLUR(1),742,S221,TIRUVALLUR,Sasikanth Senthil,796956,572155
9,TIRUVANNAMALAI(11),582,S2211,TIRUVANNAMALAI,"ANNADURAI, C.N.",547379,233931
68,TONK-SAWAIMADHOPUR(12),742,S2012,TONK-SAWAIMADHOPUR,HARISH CHANDRA MEENA,623763,64949
153,TRIPURAEAST(2),369,S232,TRIPURAEAST,KRITI DEVI DEBBARMAN,777447,486819
152,TRIPURAWEST(1),369,S231,TRIPURAWEST,BIPLAB KUMAR DEB,881341,611578
72,TUMKUR(19),369,S1019,TUMKUR,V. SOMANNA,720946,175594
52,TURA(2),742,S152,TURA,SALENG A SANGMA,383919,155241
146,UDAIPUR(19),369,S2019,UDAIPUR,MANNA LAL RAWAT,738286,261608
239,UDHAMPUR(4),369,U084,UDHAMPUR,DR JITENDRA SINGH,571076,124373
69,UDUPICHIKMAGALUR(15),369,S1015,UDUPICHIKMAGALUR,KOTA SRINIVAS POOJARY,732234,259175
23,UJIARPUR(22),369,S0422,UJIARPUR,NITYANAND RAI,515965,60102
101,UJJAIN(22),369,S1222,UJJAIN,ANIL FIROJIYA,836104,375860
17,ULUBERIA(26),140,S2526,ULUBERIA,SAJDA AHMED,724622,218673
169,UNNAO(33),369,S2433,UNNAO,SWAMI SACHCHIDANAND HARI SAKSHI,616133,35818
67,UTTARAKANNADA(12),369,S1012,UTTARAKANNADA,VISHWESHWAR HEGDE KAGERI,782495,337428
25,VADAKARA(3),742,S113,VADAKARA,SHAFI PARAMBIL,557528,114506
46,VADODARA(20),369,S0620,VADODARA,DR. HEMANG JOSHI,873189,582126
1,VAISHALI(16),3165,S0416,VAISHALI,VEENA DEVI,567043,89634
1,VALMIKINAGAR(1),805,S041,VALMIKINAGAR,SUNIL KUMAR,523422,98675
52,VALSAD(26),369,S0626,VALSAD,DHAVAL LAXMANBHAI PATEL,764226,210704
185,VARANASI(77),369,S2477,VARANASI,NARENDRA MODI,612970,152513
7,VELLORE(8),582,S228,VELLORE,DM KATHIR ANAND,568692,215702
97,VIDISHA(18),369,S1218,VIDISHA,SHIVRAJ SINGH CHOUHAN,1116460,821408
6,VIJAYAWADA(12),1745,S0112,VIJAYAWADA,KESINENI SIVANATH (CHINNI),794154,282085
1,VILUPPURAM(13),1847,S2213,VILUPPURAM,RAVIKUMAR. D,477033,70703
76,VIRUDHUNAGAR(34),742,S2234,VIRUDHUNAGAR,MANICKAM TAGORE B,385256,4379
3,VISAKHAPATNAM(4),1745,S014,VISAKHAPATNAM,SRIBHARAT MATHUKUMILI,907467,504247
2,VIZIANAGARAM(3),1745,S013,VIZIANAGARAM,APPALANAIDU KALISETTI,743113,249351
94,WARANGAL(15),742,S2915,WARANGAL,KADIYAM KAVYA,581294,220339
1,WARDHA(8),3620,S138,WARDHA,AMAR SHARADRAO KALE,533106,81648
26,WAYANAD(4),742,S114,WAYANAD,RAHUL GANDHI,647445,364422
237,WESTDELHI(6),369,U056,WESTDELHI,KAMALJEET SEHRAWAT,842658,199013
1,YAVATMAL-WASHIM(14),3369,S1314,YAVATMAL-WASHIM,SANJAY UTTAMRAO DESHMUKH,594807,94473
90,ZAHIRABAD(5),742,S295,ZAHIRABAD,SURESH KUMAR SHETKAR,528418,46188
